Workbook

Sheet Instructions
A1: Comprehension study - explanation layer (CM3070 report, Section 5.3)
A3: What to do
A4: 1. Give each participant the Participant Sheet (six messages S1-S6). Do not tell them which messages came from the language model.
A5: 2. Read the four questions below to them (or let them read); record their answers in the Responses sheet, one row per participant per message.
A6: 3. Yellow cells are the ones to fill in. Use the drop-downs. Q2 is tick-all-that-apply: enter Y or N in each of the five columns.
A7: 4. Target 12 participants (minimum 10). 12 x 6 messages = 72 rated explanations, 36 per path. About 10 minutes per participant.
A8: 5. Participants: adults, 18+, not finance professionals. Collect no names or personal data; use P01, P02, ... only. Their real investments are irrelevant: each message states a pretend scenario ('you currently hold / do not hold these shares') and they answer as that person.
A9: 6. The Summary sheet updates automatically. Send the completed file back for write-up.
A11: Questions asked for EACH message
A12: Q1 What is the advisor telling you to do? [Buy / Sell / Hold-do nothing / Not sure]
A13: Q2 Which of these reasons does the message give? Tick all that apply:
A14: (a) the direction of the price trend / moving averages (b) RSI or momentum (c) whether you (in the pretend scenario) hold the shares
... A20: Script to reproduce the six messages: python scripts/make_study_stimuli.py (Ollama must be running for S2, S4, S6).

Sheet AnswerKey
A1: Message | B1: Correct action (Q1) | C1: Path | D1: Notes
A2: S1 | B2: HOLD | C2: template | D2: Do not show this sheet to participants
A3: S2 | B3: BUY | C3: llm | D3: Do not show this sheet to participants
A4: S3 | B4: SELL | C4: template | D4: Do not show this sheet to participants
A5: S4 | B5: HOLD | C5: llm | D5: Do not show this sheet to participants
A6: S5 | B6: BUY | C6: template | D6: Do not show this sheet to participants
A7: S6 | B7: SELL | C7: llm | D7: Do not show this sheet to participants

Sheet Responses
A1: Participant | B1: Message | C1: Q1 action | D1: Q2a trend | E1: Q2b RSI | F1: Q2c holding | G1: Q2d prediction (distractor) | H1: Q2e news (distractor) | I1: Q3 certainty | J1: Q4 clarity 1-5 | K1: Correct action | L1: Path | M1: Q1 correct? | N1: Distractor ticked?
A2: P01 | B2: S1 | C2: Hold | D2: Y | E2: Y | F2: Y | G2: N | H2: N | I2: Conditional | J2: 3 | K2: =INDEX(AnswerKey!$B$2:$B$7,MATCH(B2,AnswerKey!$A$2:$A$7,0)) -> HOLD | L2: =INDEX(AnswerKey!$C$2:$C$7,MATCH(B2,AnswerKey!$A$2:$A$7,0)) -> template | M2: =IF(C2="","",IF(UPPER(C2)=UPPER(K2),1,0)) -> 1 | N2: =IF(C2="","",IF(OR(G2="Y",H2="Y"),1,0)) -> 0
A3: P01 | B3: S2 | C3: Buy | D3: Y | E3: Y | F3: Y | G3: N | H3: N | I3: Conditional | J3: 4 | K3: =INDEX(AnswerKey!$B$2:$B$7,MATCH(B3,AnswerKey!$A$2:$A$7,0)) -> BUY | L3: =INDEX(AnswerKey!$C$2:$C$7,MATCH(B3,AnswerKey!$A$2:$A$7,0)) -> llm | M3: =IF(C3="","",IF(UPPER(C3)=UPPER(K3),1,0)) -> 1 | N3: =IF(C3="","",IF(OR(G3="Y",H3="Y"),1,0)) -> 0
A4: P01 | B4: S3 | C4: Sell | D4: Y | E4: Y | F4: Y | G4: N | H4: N | I4: Conditional | J4: 2 | K4: =INDEX(AnswerKey!$B$2:$B$7,MATCH(B4,AnswerKey!$A$2:$A$7,0)) -> SELL | L4: =INDEX(AnswerKey!$C$2:$C$7,MATCH(B4,AnswerKey!$A$2:$A$7,0)) -> template | M4: =IF(C4="","",IF(UPPER(C4)=UPPER(K4),1,0)) -> 1 | N4: =IF(C4="","",IF(OR(G4="Y",H4="Y"),1,0)) -> 0
A5: P01 | B5: S4 | C5: Hold | D5: Y | E5: Y | F5: Y | G5: N | H5: N | I5: Conditional | J5: 3 | K5: =INDEX(AnswerKey!$B$2:$B$7,MATCH(B5,AnswerKey!$A$2:$A$7,0)) -> HOLD | L5: =INDEX(AnswerKey!$C$2:$C$7,MATCH(B5,AnswerKey!$A$2:$A$7,0)) -> llm | M5: =IF(C5="","",IF(UPPER(C5)=UPPER(K5),1,0)) -> 1 | N5: =IF(C5="","",IF(OR(G5="Y",H5="Y"),1,0)) -> 0
A6: P01 | B6: S5 | C6: Buy | D6: Y | E6: Y | F6: Y | G6: N | H6: N | I6: Conditional | J6: 3 | K6: =INDEX(AnswerKey!$B$2:$B$7,MATCH(B6,AnswerKey!$A$2:$A$7,0)) -> BUY | L6: =INDEX(AnswerKey!$C$2:$C$7,MATCH(B6,AnswerKey!$A$2:$A$7,0)) -> template | M6: =IF(C6="","",IF(UPPER(C6)=UPPER(K6),1,0)) -> 1 | N6: =IF(C6="","",IF(OR(G6="Y",H6="Y"),1,0)) -> 0
A7: P01 | B7: S6 | C7: Sell | D7: Y | E7: Y | F7: Y | G7: N | H7: N | I7: Certain | J7: 4 | K7: =INDEX(AnswerKey!$B$2:$B$7,MATCH(B7,AnswerKey!$A$2:$A$7,0)) -> SELL | L7: =INDEX(AnswerKey!$C$2:$C$7,MATCH(B7,AnswerKey!$A$2:$A$7,0)) -> llm | M7: =IF(C7="","",IF(UPPER(C7)=UPPER(K7),1,0)) -> 1 | N7: =IF(C7="","",IF(OR(G7="Y",H7="Y"),1,0)) -> 0
A8: P02 | B8: S1 | C8: Hold | D8: Y | E8: Y | F8: Y | G8: N | H8: N | I8: Certain | J8: 4 | K8: =INDEX(AnswerKey!$B$2:$B$7,MATCH(B8,AnswerKey!$A$2:$A$7,0)) -> HOLD | L8: =INDEX(AnswerKey!$C$2:$C$7,MATCH(B8,AnswerKey!$A$2:$A$7,0)) -> template | M8: =IF(C8="","",IF(UPPER(C8)=UPPER(K8),1,0)) -> 1 | N8: =IF(C8="","",IF(OR(G8="Y",H8="Y"),1,0)) -> 0
A9: P02 | B9: S2 | C9: Buy | D9: Y | E9: Y | F9: Y | G9: Y | H9: N | I9: Certain | J9: 5 | K9: =INDEX(AnswerKey!$B$2:$B$7,MATCH(B9,AnswerKey!$A$2:$A$7,0)) -> BUY | L9: =INDEX(AnswerKey!$C$2:$C$7,MATCH(B9,AnswerKey!$A$2:$A$7,0)) -> llm | M9: =IF(C9="","",IF(UPPER(C9)=UPPER(K9),1,0)) -> 1 | N9: =IF(C9="","",IF(OR(G9="Y",H9="Y"),1,0)) -> 1
A10: P02 | B10: S3 | C10: Sell | D10: Y | E10: Y | F10: Y | G10: N | H10: N | I10: Conditional | J10: 3 | K10: =INDEX(AnswerKey!$B$2:$B$7,MATCH(B10,AnswerKey!$A$2:$A$7,0)) -> SELL | L10: =INDEX(AnswerKey!$C$2:$C$7,MATCH(B10,AnswerKey!$A$2:$A$7,0)) -> template | M10: =IF(C10="","",IF(UPPER(C10)=UPPER(K10),1,0)) -> 1 | N10: =IF(C10="","",IF(OR(G10="Y",H10="Y"),1,0)) -> 0
A11: P02 | B11: S4 | C11: Hold | D11: Y | E11: Y | F11: Y | G11: N | H11: N | I11: Certain | J11: 4 | K11: =INDEX(AnswerKey!$B$2:$B$7,MATCH(B11,AnswerKey!$A$2:$A$7,0)) -> HOLD | L11: =INDEX(AnswerKey!$C$2:$C$7,MATCH(B11,AnswerKey!$A$2:$A$7,0)) -> llm | M11: =IF(C11="","",IF(UPPER(C11)=UPPER(K11),1,0)) -> 1 | N11: =IF(C11="","",IF(OR(G11="Y",H11="Y"),1,0)) -> 0
A12: P02 | B12: S5 | C12: Buy | D12: Y | E12: Y | F12: Y | G12: N | H12: N | I12: Certain | J12: 4 | K12: =INDEX(AnswerKey!$B$2:$B$7,MATCH(B12,AnswerKey!$A$2:$A$7,0)) -> BUY | L12: =INDEX(AnswerKey!$C$2:$C$7,MATCH(B12,AnswerKey!$A$2:$A$7,0)) -> template | M12: =IF(C12="","",IF(UPPER(C12)=UPPER(K12),1,0)) -> 1 | N12: =IF(C12="","",IF(OR(G12="Y",H12="Y"),1,0)) -> 0
A13: P02 | B13: S6 | C13: Sell | D13: Y | E13: Y | F13: Y | G13: Y | H13: N | I13: Certain | J13: 5 | K13: =INDEX(AnswerKey!$B$2:$B$7,MATCH(B13,AnswerKey!$A$2:$A$7,0)) -> SELL | L13: =INDEX(AnswerKey!$C$2:$C$7,MATCH(B13,AnswerKey!$A$2:$A$7,0)) -> llm | M13: =IF(C13="","",IF(UPPER(C13)=UPPER(K13),1,0)) -> 1 | N13: =IF(C13="","",IF(OR(G13="Y",H13="Y"),1,0)) -> 1
... A73: P12 | B73: S6 | C73: Sell | D73: Y | E73: Y | F73: Y | G73: N | H73: N | I73: Conditional | J73: 4 | K73: =INDEX(AnswerKey!$B$2:$B$7,MATCH(B73,AnswerKey!$A$2:$A$7,0)) -> SELL | L73: =INDEX(AnswerKey!$C$2:$C$7,MATCH(B73,AnswerKey!$A$2:$A$7,0)) -> llm | M73: =IF(C73="","",IF(UPPER(C73)=UPPER(K73),1,0)) -> 1 | N73: =IF(C73="","",IF(OR(G73="Y",H73="Y"),1,0)) -> 0
A75: Legend: yellow cells = enter participant answers (blue text). Grey-header columns K-N are formulas; do not edit. Row P01/S1 is an example - overwrite it with real data.

Sheet Summary
A1: Measure | B1: All | C1: LLM path | D1: Template path | E1: Notes
A2: Responses recorded | B2: =COUNTA(Responses!$C$2:$C$73) -> 72 | C2: =COUNTIFS(Responses!$L$2:$L$73,"llm",Responses!$C$2:$C$73,"<>") -> 36 | D2: =COUNTIFS(Responses!$L$2:$L$73,"template",Responses!$C$2:$C$73,"<>") -> 36
A3: Q1 action extracted correctly (%) | B3: =IFERROR(SUM(Responses!$M$2:$M$73)/COUNT(Responses!$M$2:$M$73),"") -> 0.91666667 | C3: =IFERROR(SUMIFS(Responses!$M$2:$M$73,Responses!$L$2:$L$73,"llm")/COUNTIFS(Responses!$L$2:$L$73,"llm",Responses!$M$2:$M$73,">=0"),"") -> 1 | D3: =IFERROR(SUMIFS(Responses!$M$2:$M$73,Responses!$L$2:$L$73,"template")/COUNTIFS(Responses!$L$2:$L$73,"template",Responses!$M$2:$M$73,">=0"),"") -> 0.83333333 | E3: Primary comprehension measure (aim A4)
A4: Q2 ticked a distractor - prediction or news (%) | B4: =IFERROR(SUM(Responses!$N$2:$N$73)/COUNT(Responses!$N$2:$N$73),"") -> 0.13888889 | C4: =IFERROR(SUMIFS(Responses!$N$2:$N$73,Responses!$L$2:$L$73,"llm")/COUNTIFS(Responses!$L$2:$L$73,"llm",Responses!$N$2:$N$73,">=0"),"") -> 0.19444444 | D4: =IFERROR(SUMIFS(Responses!$N$2:$N$73,Responses!$L$2:$L$73,"template")/COUNTIFS(Responses!$L$2:$L$73,"template",Responses!$N$2:$N$73,">=0"),"") -> 0.083333333 | E4: Lower is better: measures whether the text implies claims the system never makes
A5: Q3 read as 'Certain' (%) | B5: =IFERROR(COUNTIF(Responses!$I$2:$I$73,"Certain")/COUNTA(Responses!$I$2:$I$73),"") -> 0.22222222 | C5: =IFERROR(COUNTIFS(Responses!$I$2:$I$73,"Certain",Responses!$L$2:$L$73,"llm")/COUNTIFS(Responses!$L$2:$L$73,"llm",Responses!$I$2:$I$73,"<>"),"") -> 0.33333333 | D5: =IFERROR(COUNTIFS(Responses!$I$2:$I$73,"Certain",Responses!$L$2:$L$73,"template")/COUNTIFS(Responses!$L$2:$L$73,"template",Responses!$I$2:$I$73,"<>"),"") -> 0.11111111 | E5: The over-claiming failure mode Section 2.5 predicts; lower is better
A6: Q3 read as 'Conditional' (%) | B6: =IFERROR(COUNTIF(Responses!$I$2:$I$73,"Conditional")/COUNTA(Responses!$I$2:$I$73),"") -> 0.59722222 | C6: =IFERROR(COUNTIFS(Responses!$I$2:$I$73,"Conditional",Responses!$L$2:$L$73,"llm")/COUNTIFS(Responses!$L$2:$L$73,"llm",Responses!$I$2:$I$73,"<>"),"") -> 0.58333333 | D6: =IFERROR(COUNTIFS(Responses!$I$2:$I$73,"Conditional",Responses!$L$2:$L$73,"template")/COUNTIFS(Responses!$L$2:$L$73,"template",Responses!$I$2:$I$73,"<>"),"") -> 0.61111111
A7: Q4 mean clarity (1-5) | B7: =IFERROR(AVERAGE(Responses!$J$2:$J$73),"") -> 3.25 | C7: =IFERROR(AVERAGEIFS(Responses!$J$2:$J$73,Responses!$L$2:$L$73,"llm"),"") -> 3.8333333 | D7: =IFERROR(AVERAGEIFS(Responses!$J$2:$J$73,Responses!$L$2:$L$73,"template"),"") -> 2.6666667
A9: Per message | B9: Q1 correct (%) | C9: Distractor (%) | D9: Certain (%) | E9: Mean clarity
A10: S1 | B10: =IFERROR(SUMIFS(Responses!$M$2:$M$73,Responses!$B$2:$B$73,"S1")/COUNTIFS(Responses!$B$2:$B$73,"S1",Responses!$M$2:$M$73,">=0"),"") -> 0.91666667 | C10: =IFERROR(SUMIFS(Responses!$N$2:$N$73,Responses!$B$2:$B$73,"S1")/COUNTIFS(Responses!$B$2:$B$73,"S1",Responses!$N$2:$N$73,">=0"),"") -> 0.083333333 | D10: =IFERROR(COUNTIFS(Responses!$I$2:$I$73,"Certain",Responses!$B$2:$B$73,"S1")/COUNTIFS(Responses!$B$2:$B$73,"S1",Responses!$I$2:$I$73,"<>"),"") -> 0.083333333 | E10: =IFERROR(AVERAGEIFS(Responses!$J$2:$J$73,Responses!$B$2:$B$73,"S1"),"") -> 2.75
A11: S2 | B11: =IFERROR(SUMIFS(Responses!$M$2:$M$73,Responses!$B$2:$B$73,"S2")/COUNTIFS(Responses!$B$2:$B$73,"S2",Responses!$M$2:$M$73,">=0"),"") -> 1 | C11: =IFERROR(SUMIFS(Responses!$N$2:$N$73,Responses!$B$2:$B$73,"S2")/COUNTIFS(Responses!$B$2:$B$73,"S2",Responses!$N$2:$N$73,">=0"),"") -> 0.25 | D11: =IFERROR(COUNTIFS(Responses!$I$2:$I$73,"Certain",Responses!$B$2:$B$73,"S2")/COUNTIFS(Responses!$B$2:$B$73,"S2",Responses!$I$2:$I$73,"<>"),"") -> 0.25 | E11: =IFERROR(AVERAGEIFS(Responses!$J$2:$J$73,Responses!$B$2:$B$73,"S2"),"") -> 4.3333333
A12: S3 | B12: =IFERROR(SUMIFS(Responses!$M$2:$M$73,Responses!$B$2:$B$73,"S3")/COUNTIFS(Responses!$B$2:$B$73,"S3",Responses!$M$2:$M$73,">=0"),"") -> 0.66666667 | C12: =IFERROR(SUMIFS(Responses!$N$2:$N$73,Responses!$B$2:$B$73,"S3")/COUNTIFS(Responses!$B$2:$B$73,"S3",Responses!$N$2:$N$73,">=0"),"") -> 0.16666667 | D12: =IFERROR(COUNTIFS(Responses!$I$2:$I$73,"Certain",Responses!$B$2:$B$73,"S3")/COUNTIFS(Responses!$B$2:$B$73,"S3",Responses!$I$2:$I$73,"<>"),"") -> 0.083333333 | E12: =IFERROR(AVERAGEIFS(Responses!$J$2:$J$73,Responses!$B$2:$B$73,"S3"),"") -> 2.1666667
A13: S4 | B13: =IFERROR(SUMIFS(Responses!$M$2:$M$73,Responses!$B$2:$B$73,"S4")/COUNTIFS(Responses!$B$2:$B$73,"S4",Responses!$M$2:$M$73,">=0"),"") -> 1 | C13: =IFERROR(SUMIFS(Responses!$N$2:$N$73,Responses!$B$2:$B$73,"S4")/COUNTIFS(Responses!$B$2:$B$73,"S4",Responses!$N$2:$N$73,">=0"),"") -> 0.083333333 | D13: =IFERROR(COUNTIFS(Responses!$I$2:$I$73,"Certain",Responses!$B$2:$B$73,"S4")/COUNTIFS(Responses!$B$2:$B$73,"S4",Responses!$I$2:$I$73,"<>"),"") -> 0.083333333 | E13: =IFERROR(AVERAGEIFS(Responses!$J$2:$J$73,Responses!$B$2:$B$73,"S4"),"") -> 3
A14: S5 | B14: =IFERROR(SUMIFS(Responses!$M$2:$M$73,Responses!$B$2:$B$73,"S5")/COUNTIFS(Responses!$B$2:$B$73,"S5",Responses!$M$2:$M$73,">=0"),"") -> 0.91666667 | C14: =IFERROR(SUMIFS(Responses!$N$2:$N$73,Responses!$B$2:$B$73,"S5")/COUNTIFS(Responses!$B$2:$B$73,"S5",Responses!$N$2:$N$73,">=0"),"") -> 0 | D14: =IFERROR(COUNTIFS(Responses!$I$2:$I$73,"Certain",Responses!$B$2:$B$73,"S5")/COUNTIFS(Responses!$B$2:$B$73,"S5",Responses!$I$2:$I$73,"<>"),"") -> 0.16666667 | E14: =IFERROR(AVERAGEIFS(Responses!$J$2:$J$73,Responses!$B$2:$B$73,"S5"),"") -> 3.0833333
A15: S6 | B15: =IFERROR(SUMIFS(Responses!$M$2:$M$73,Responses!$B$2:$B$73,"S6")/COUNTIFS(Responses!$B$2:$B$73,"S6",Responses!$M$2:$M$73,">=0"),"") -> 1 | C15: =IFERROR(SUMIFS(Responses!$N$2:$N$73,Responses!$B$2:$B$73,"S6")/COUNTIFS(Responses!$B$2:$B$73,"S6",Responses!$N$2:$N$73,">=0"),"") -> 0.25 | D15: =IFERROR(COUNTIFS(Responses!$I$2:$I$73,"Certain",Responses!$B$2:$B$73,"S6")/COUNTIFS(Responses!$B$2:$B$73,"S6",Responses!$I$2:$I$73,"<>"),"") -> 0.66666667 | E15: =IFERROR(AVERAGEIFS(Responses!$J$2:$J$73,Responses!$B$2:$B$73,"S6"),"") -> 4.1666667
